label|source_id|source_type|target_id|target_type
is_a|EMAPA_16032|anatomy|EMAPA_31859|anatomy
is_a|EMAPA_36041|anatomy|EMAPA_36473|anatomy
is_a|EMAPA_16033|anatomy|EMAPA_36032|anatomy
is_a|EMAPA_16034|anatomy|EMAPA_31859|anatomy
is_a|EMAPA_36042|anatomy|EMAPA_36473|anatomy
is_a|EMAPA_36043|anatomy|EMAPA_36063|anatomy
is_a|EMAPA_36044|anatomy|EMAPA_36063|anatomy
is_a|EMAPA_36045|anatomy|EMAPA_36473|anatomy
is_a|EMAPA_36046|anatomy|EMAPA_36473|anatomy
is_a|EMAPA_36063|anatomy|EMAPA_36473|anatomy
is_a|EMAPA_16036|anatomy|EMAPA_36032|anatomy
is_a|EMAPA_16037|anatomy|EMAPA_36032|anatomy
is_a|EMAPA_25765|anatomy|EMAPA_0|anatomy
is_a|EMAPA_16040|anatomy|EMAPA_36032|anatomy
is_a|EMAPA_16041|anatomy|EMAPA_16039|anatomy
is_a|EMAPA_36119|anatomy|EMAPA_36473|anatomy
is_a|EMAPA_16043|anatomy|EMAPA_36037|anatomy
is_a|EMAPA_16044|anatomy|EMAPA_16043|anatomy
is_a|EMAPA_35986|anatomy|EMAPA_36033|anatomy
is_a|EMAPA_16052|anatomy|EMAPA_35986|anatomy
is_a|EMAPA_16054|anatomy|EMAPA_36037|anatomy
is_a|EMAPA_16055|anatomy|EMAPA_16054|anatomy
is_a|EMAPA_16057|anatomy|EMAPA_38030|anatomy
is_a|EMAPA_16060|anatomy|EMAPA_36037|anatomy
is_a|EMAPA_16061|anatomy|EMAPA_16060|anatomy
is_a|EMAPA_36038|anatomy|EMAPA_36037|anatomy
is_a|EMAPA_16062|anatomy|EMAPA_35986|anatomy
is_a|EMAPA_16064|anatomy|EMAPA_16054|anatomy
is_a|EMAPA_16065|anatomy|EMAPA_35985|anatomy
is_a|EMAPA_35985|anatomy|EMAPA_36033|anatomy
is_a|EMAPA_16066|anatomy|EMAPA_31877|anatomy
is_a|EMAPA_16069|anatomy|EMAPA_35985|anatomy
is_a|EMAPA_16071|anatomy|EMAPA_35987|anatomy
is_a|EMAPA_35987|anatomy|EMAPA_36033|anatomy
is_a|EMAPA_16073|anatomy|EMAPA_16069|anatomy
is_a|EMAPA_16074|anatomy|EMAPA_16069|anatomy
is_a|EMAPA_16077|anatomy|EMAPA_16065|anatomy
is_a|EMAPA_16078|anatomy|EMAPA_31862|anatomy
is_a|EMAPA_31862|anatomy|EMAPA_35987|anatomy
is_a|EMAPA_16079|anatomy|EMAPA_16054|anatomy
is_a|EMAPA_16080|anatomy|EMAPA_16054|anatomy
is_a|EMAPA_16081|anatomy|EMAPA_16054|anatomy
is_a|EMAPA_16082|anatomy|EMAPA_16054|anatomy
is_a|EMAPA_16087|anatomy|EMAPA_31862|anatomy
is_a|EMAPA_16088|anatomy|EMAPA_16060|anatomy
is_a|EMAPA_31858|anatomy|EMAPA_36031|anatomy
is_a|EMAPA_16090|anatomy|EMAPA_32732|anatomy
is_a|EMAPA_16091|anatomy|EMAPA_32737|anatomy
is_a|EMAPA_16162|anatomy|EMAPA_32732|anatomy
is_a|EMAPA_16163|anatomy|EMAPA_32737|anatomy
is_a|EMAPA_16095|anatomy|EMAPA_35593|anatomy
is_a|EMAPA_16096|anatomy|EMAPA_16074|anatomy
is_a|EMAPA_16097|anatomy|EMAPA_35868|anatomy
is_a|EMAPA_16098|anatomy|EMAPA_35961|anatomy
is_a|EMAPA_35961|anatomy|EMAPA_16097|anatomy
is_a|EMAPA_16169|anatomy|EMAPA_32735|anatomy
is_a|EMAPA_16104|anatomy|EMAPA_16103|anatomy
is_a|EMAPA_16105|anatomy|EMAPA_35949|anatomy
is_a|EMAPA_16108|anatomy|EMAPA_31862|anatomy
is_a|EMAPA_16110|anatomy|EMAPA_16065|anatomy
is_a|EMAPA_16111|anatomy|EMAPA_31862|anatomy
is_a|EMAPA_16113|anatomy|EMAPA_16065|anatomy
is_a|EMAPA_16114|anatomy|EMAPA_31862|anatomy
is_a|EMAPA_16267|anatomy|EMAPA_31863|anatomy
is_a|EMAPA_16116|anatomy|EMAPA_36699|anatomy
is_a|EMAPA_16119|anatomy|EMAPA_32750|anatomy
is_a|EMAPA_16120|anatomy|EMAPA_35190|anatomy
is_a|EMAPA_35190|anatomy|EMAPA_32753|anatomy
is_a|EMAPA_16121|anatomy|EMAPA_32749|anatomy
is_a|EMAPA_16122|anatomy|EMAPA_32753|anatomy
is_a|EMAPA_32753|anatomy|EMAPA_16074|anatomy
is_a|EMAPA_16123|anatomy|EMAPA_32754|anatomy
is_a|EMAPA_32754|anatomy|EMAPA_16062|anatomy
is_a|EMAPA_16124|anatomy|EMAPA_32752|anatomy
is_a|EMAPA_16125|anatomy|EMAPA_35191|anatomy
is_a|EMAPA_35191|anatomy|EMAPA_32754|anatomy
is_a|EMAPA_16126|anatomy|EMAPA_32753|anatomy
is_a|EMAPA_16127|anatomy|EMAPA_32754|anatomy
is_a|EMAPA_16128|anatomy|EMAPA_32755|anatomy
is_a|EMAPA_32755|anatomy|EMAPA_35961|anatomy
is_a|EMAPA_16129|anatomy|EMAPA_32756|anatomy
is_a|EMAPA_32756|anatomy|EMAPA_32735|anatomy
is_a|EMAPA_16130|anatomy|EMAPA_32751|anatomy
is_a|EMAPA_36497|anatomy|EMAPA_16060|anatomy
is_a|EMAPA_16133|anatomy|EMAPA_32856|anatomy
is_a|EMAPA_32856|anatomy|EMAPA_16060|anatomy
is_a|EMAPA_16136|anatomy|EMAPA_32856|anatomy
is_a|EMAPA_16139|anatomy|EMAPA_32856|anatomy
is_a|EMAPA_16141|anatomy|EMAPA_32684|anatomy
is_a|EMAPA_16142|anatomy|EMAPA_16090|anatomy
is_a|EMAPA_16143|anatomy|EMAPA_16091|anatomy
is_a|EMAPA_16146|anatomy|EMAPA_16090|anatomy
is_a|EMAPA_16147|anatomy|EMAPA_16091|anatomy
is_a|EMAPA_16151|anatomy|EMAPA_16155|anatomy
is_a|EMAPA_16155|anatomy|EMAPA_16090|anatomy
is_a|EMAPA_16152|anatomy|EMAPA_16156|anatomy
is_a|EMAPA_16156|anatomy|EMAPA_16091|anatomy
is_a|EMAPA_16154|anatomy|EMAPA_32684|anatomy
is_a|EMAPA_16159|anatomy|EMAPA_16155|anatomy
is_a|EMAPA_16160|anatomy|EMAPA_16156|anatomy
is_a|EMAPA_16165|anatomy|EMAPA_32684|anatomy
