alternative_ids|id|synonym|term_name
|EMAPA_38237||lambdoid suture osteogenic front
|EMAPA_37092||labial artery
|EMAPA_37003||nonskeletal ligament
|EMAPA_37700||spinalis thoracis
|EMAPA_35770||serum
|EMAPA_17546||cerebral cortex marginal layer
|EMAPA_18181||subscapularis
"[""27527""]"|EMAPA_27213||stomach pyloric region muscularis mucosa
|EMAPA_35827||stria vascularis
|EMAPA_36746||lamina propria
|EMAPA_36595||eye posterior segment
|EMAPA_37533||eyelid subcutaneous connective tissue
|EMAPA_37180||phrenic vein
"[""35245""]"|EMAPA_29794|"[""coagulating gland""]"|anterior prostate gland
|EMAPA_35790||spinal cord dorsal horn
|EMAPA_32827||respiratory tract epithelium
|EMAPA_32859||upper jaw tooth dental lamina
|EMAPA_35041||nerve of uterus
|EMAPA_17950||ureter
|EMAPA_37311||hindlimb middle phalanx
|EMAPA_29177|"[""mesenchyme of Wolffian duct of male"", ""mesenchyme of mesonephric duct of male""]"|mesenchyme of nephric duct of male
|EMAPA_19580||S2 nucleus pulposus
|EMAPA_37683||nerve plexus
|EMAPA_36280||right lung middle lobe vascular element
|EMAPA_32614|"[""phalange""]"|phalanx
|EMAPA_18401||esophageal region lumen
|EMAPA_26643||T7 rib shaft ossified region
"[""25045""]"|EMAPA_25040||ectoderm component of anal membrane
|EMAPA_25549||Tl1 neural arch transverse process
|EMAPA_17920||lower jaw incisor mesenchyme
|EMAPA_36095||adventitia of primitive bladder
|EMAPA_36797||axillary lymph node
|EMAPA_16726||oral region ectoderm
|EMAPA_37947||retrosplenial granular cortex
|EMAPA_19524||T12 nucleus pulposus
|EMAPA_35332||external spiral sulcus
|EMAPA_18489||palmar pad
|EMAPA_36977||pupil
|EMAPA_17329||outflow tract aortic component
|EMAPA_18696|"[""6th arch cartilage""]"|cricoid cartilage
|EMAPA_18017||frontal bone primordium
|EMAPA_38138||extraembryonic primitive streak
|EMAPA_37662||lymph node subcortical sinus
|EMAPA_16436||somite 12 myocoele
|EMAPA_35874||trachea blood vessel
|EMAPA_37756||superior salivatory nucleus
|EMAPA_37530||eye skin gland
|EMAPA_32770||hippocampus CA3
|EMAPA_32870||inferior colliculus
|EMAPA_17088||myelencephalon basal plate
|EMAPA_16399|"[""third branchial arch""]"|3rd branchial arch
|EMAPA_25106||L1 neural arch transverse process
"[""18881""]"|EMAPA_18276||genioglossus
|EMAPA_17330||outflow tract pulmonary component
|EMAPA_30997||muscle of vagina
|EMAPA_17483||interdigital region between hindlimb digits 3 and 4 epithelium
|EMAPA_35263||cranial suture
|EMAPA_25606||Tl17 vertebra centrum
"[""17862""]"|EMAPA_28373||renal artery
|EMAPA_19533||T5 rib
|EMAPA_36352||nerve of lamina propria of bladder neck
|EMAPA_36680|"[""ectoplacental duct""]"|proamniotic canal
|EMAPA_16785||future midbrain ventricular layer
|EMAPA_38165||female lower urogenital tract muscle
|EMAPA_37283||appendage
|EMAPA_19377||T9 vertebral cartilage condensation
|EMAPA_36607||stria medullaris
|EMAPA_16272|"[""hyoid arch"", ""second branchial arch""]"|2nd branchial arch
|EMAPA_19558||L3 intervertebral disc
|EMAPA_37229||proper palmar vein
|EMAPA_17264||cranial nerve
|EMAPA_16079||amniotic cavity
|EMAPA_17872||pulmonary valve
|EMAPA_19345||T10 vertebral pre-cartilage condensation
"[""18686""]"|EMAPA_17975||germ cell of testis
|EMAPA_37953||somatic motor system
|EMAPA_36683||mesencephalic venous plexus
|EMAPA_25067||forelimb digit 4 interphalangeal joint
|EMAPA_17341||right ventricle endocardial lining
|EMAPA_17825||incus pre-cartilage condensation
|EMAPA_37798||left vagus nerve trunk
|EMAPA_37520||palmar hand interosseus muscle
"[""27427""]"|EMAPA_27161||stomach fundus gastric gland
|EMAPA_38095||tensor veli palatini
"[""18885""]"|EMAPA_18280||tongue intrinsic muscle
"[""32931""]"|EMAPA_32819||rhombomere lateral wall
|EMAPA_16262||oral region
|EMAPA_37724||retropharyngeal lymph node
"[""27475""]"|EMAPA_27187||stomach proventricular region muscularis
|EMAPA_19081||duodenum mesentery
|EMAPA_16727||respiratory system
|EMAPA_36568||prostate duct
|EMAPA_26460||hindlimb digit 3 metatarsal-phalangeal joint
|EMAPA_17312||mesenteric artery
|EMAPA_35432||insular cortex
|EMAPA_35316||epididymal fat pad
|EMAPA_36650||spleen marginal zone
|EMAPA_16129||1st branchial arch mesenchyme derived from neural crest
|EMAPA_29307||male inguinal ring
|EMAPA_17428|"[""forepaw""]"|hand
|EMAPA_16077||amniotic fold ectoderm
